ساختمان,سطح,زمان_ثانیه,قدرت_کل,افزایش_قدرت,چوب,غذا,سنگ,آهن,تولید_ساعتی,ظرفیت_لشکر
قلعه,1,103.5,12016,12016,912,816,696,600,0,0
قلعه,2,151.11,41841,29825,4190,3749,3198,2757,0,0
قلعه,3,220.621,86810,44969,10225,9149,7803,6727,0,0
قلعه,4,322.106,145699,58889,19254,17227,14694,12667,0,0
قلعه,5,470.275,217719,72020,31458,28146,24007,20696,0,0
قلعه,6,686.601,302289,84570,46982,42036,35854,30909,0,0
قلعه,7,1002.438,398957,96668,65949,59007,50330,43388,0,0
قلعه,8,1463.559,507355,108398,88469,79157,67516,58204,0,0
قلعه,9,2136.797,627172,119817,114638,102571,87487,75420,0,0
قلعه,10,3119.723,758141,130969,144542,129327,110309,95094,0,0
قلعه,11,4554.796,900030,141889,178262,159498,136042,117278,0,0
قلعه,12,6650.002,1052631,152601,215871,193147,164743,142020,0,0
قلعه,13,9709.003,1215760,163129,257437,230338,196465,169366,0,0
قلعه,14,14175.144,1389250,173490,303024,271126,231255,199358,0,0
قلعه,15,20695.71,1572947,183697,352692,315567,269160,232034,0,0
قلعه,16,30215.737,1766713,193766,406498,363709,310222,267433,0,0
قلعه,17,44114.975,1970416,203703,464497,415602,354484,305590,0,0
قلعه,18,64407.864,2183939,213523,526738,471292,401984,346538,0,0
قلعه,19,94035.482,2407168,223229,593271,530821,452759,390310,0,0
قلعه,20,137291.803,2640000,232832,664142,594232,506845,436935,0,0
بیمارستان,1,54,4369,4369,418,374,319,275,0,0
بیمارستان,2,78.84,15215,10846,1921,1718,1466,1264,0,0
بیمارستان,3,115.106,31567,16352,4686,4193,3576,3083,0,0
بیمارستان,4,168.055,52982,21415,8825,7896,6735,5806,0,0
بیمارستان,5,245.361,79170,26188,14418,12900,11003,9486,0,0
بیمارستان,6,358.227,109923,30753,21533,19267,16433,14167,0,0
بیمارستان,7,523.011,145075,35152,30227,27045,23068,19886,0,0
بیمارستان,8,763.596,184493,39418,40548,36280,30945,26677,0,0
بیمارستان,9,1114.85,228062,43569,52542,47012,40098,34567,0,0
بیمارستان,10,1627.682,275688,47626,66249,59275,50558,43585,0,0
بیمارستان,11,2376.415,327283,51595,81703,73103,62353,53752,0,0
بیمارستان,12,3469.566,382775,55492,98941,88526,75507,65093,0,0
بیمارستان,13,5065.567,442095,59320,117992,105572,90046,77626,0,0
بیمارستان,14,7395.727,505182,63087,138886,124266,105992,91372,0,0
بیمارستان,15,10797.762,571981,66799,161650,144635,123365,106349,0,0
بیمارستان,16,15764.732,642441,70460,186312,166700,142185,122574,0,0
بیمارستان,17,23016.509,716515,74074,212894,190484,162472,140062,0,0
بیمارستان,18,33604.103,794160,77645,241421,216009,184243,158830,0,0
بیمارستان,19,49061.99,875334,81174,271916,243293,207515,178892,0,0
بیمارستان,20,71630.506,960000,84666,304398,272356,232304,200262,0,0
اردوگاه,1,49.5,3823,3823,380,340,290,250,0,500
اردوگاه,2,72.27,13313,9490,1746,1562,1332,1149,0,1622
اردوگاه,3,105.514,27621,14308,4260,3812,3251,2803,0,3168
اردوگاه,4,154.051,46359,18738,8023,7178,6123,5278,0,4929
اردوگاه,5,224.914,69274,22915,13107,11728,10003,8623,0,6846
اردوگاه,6,328.375,96183,26909,19576,17515,14939,12879,0,8887
اردوگاه,7,479.427,126941,30758,27479,24586,20971,18078,0,11034
اردوگاه,8,699.963,161431,34490,36862,32982,28132,24251,0,13273
اردوگاه,9,1021.946,199555,38124,47766,42738,36453,31425,0,15593
اردوگاه,10,1492.041,241227,41672,60226,53886,45962,39622,0,17987
اردوگاه,11,2178.381,286373,45146,74276,66457,56684,48866,0,20449
اردوگاه,12,3180.436,334928,48555,89946,80478,68643,59175,0,22973
اردوگاه,13,4643.436,386833,51905,107265,95974,81860,70569,0,25555
اردوگاه,14,6779.417,442034,55201,126260,112969,96356,83066,0,28192
اردوگاه,15,9897.948,500483,58449,146955,131486,112150,96681,0,30879
اردوگاه,16,14451.004,562136,61653,169374,151545,129259,111430,0,33616
اردوگاه,17,21098.467,626951,64815,193540,173168,147702,127329,0,36398
اردوگاه,18,30803.761,694890,67939,219474,196371,167493,144391,0,39224
اردوگاه,19,44973.491,765917,71027,247196,221175,188650,162629,0,42092
اردوگاه,20,65661.297,840000,74083,276726,247597,211185,182056,0,45000
سربازخانه,1,69.75,7646,7646,456,408,348,300,0,0
سربازخانه,2,101.835,26626,18980,2095,1875,1599,1378,0,0
سربازخانه,3,148.679,55243,28617,5112,4574,3902,3363,0,0
سربازخانه,4,217.071,92718,37475,9627,8614,7347,6334,0,0
سربازخانه,5,316.924,138548,45830,15729,14073,12004,10348,0,0
سربازخانه,6,462.71,192366,53818,23491,21018,17927,15454,0,0
سربازخانه,7,675.556,253882,61516,32975,29504,25165,21694,0,0
سربازخانه,8,986.312,322862,68980,44235,39578,33758,29102,0,0
سربازخانه,9,1440.015,399109,76247,57319,51285,43743,37710,0,0
سربازخانه,10,2102.422,482453,83344,72271,64664,55154,47547,0,0
سربازخانه,11,3069.536,572746,90293,89131,79749,68021,58639,0,0
سربازخانه,12,4481.523,669856,97110,107935,96574,82372,71010,0,0
سربازخانه,13,6543.024,773666,103810,128718,115169,98232,84683,0,0
سربازخانه,14,9552.814,884068,110402,151512,135563,115627,99679,0,0
سربازخانه,15,13947.109,1000967,116899,176346,157783,134580,116017,0,0
سربازخانه,16,20362.779,1124272,123305,203249,181855,155111,133717,0,0
سربازخانه,17,29729.657,1253901,129629,232248,207801,177242,152795,0,0
سربازخانه,18,43405.3,1389779,135878,263369,235646,200992,173269,0,0
سربازخانه,19,63371.738,1531834,142055,296635,265410,226380,195155,0,0
سربازخانه,20,92522.737,1680000,148166,332071,297116,253423,218468,0,0
مرکز تحقیقات,1,65.25,5462,5462,475,425,363,313,0,0
مرکز تحقیقات,2,95.265,19019,13557,2183,1953,1666,1436,0,0
مرکز تحقیقات,3,139.087,39459,20440,5325,4765,4064,3504,0,0
مرکز تحقیقات,4,203.067,66227,26768,10028,8973,7653,6598,0,0
مرکز تحقیقات,5,296.478,98963,32736,16384,14660,12504,10779,0,0
مرکز تحقیقات,6,432.857,137404,38441,24470,21894,18674,16098,0,0
مرکز تحقیقات,7,631.972,181344,43940,34349,30733,26213,22598,0,0
مرکز تحقیقات,8,922.679,230616,49272,46078,41227,35165,30314,0,0
مرکز تحقیقات,9,1347.111,285078,54462,59707,53422,45566,39281,0,0
مرکز تحقیقات,10,1966.782,344610,59532,75282,67358,57452,49528,0,0
مرکز تحقیقات,11,2871.502,409104,64494,92845,83072,70855,61082,0,0
مرکز تحقیقات,12,4192.392,478469,69365,112433,100598,85804,73969,0,0
مرکز تحقیقات,13,6120.893,552618,74149,134082,119968,102325,88212,0,0
مرکز تحقیقات,14,8936.504,631477,78859,157825,141212,120445,103832,0,0
مرکز تحقیقات,15,13047.295,714976,83499,183694,164358,140187,120851,0,0
مرکز تحقیقات,16,19049.051,803051,88075,211718,189432,161574,139288,0,0
مرکز تحقیقات,17,27811.615,895644,92593,241925,216459,184627,159161,0,0
مرکز تحقیقات,18,40604.958,992699,97055,274343,245464,209367,180488,0,0
مرکز تحقیقات,19,59283.239,1094167,101468,308995,276469,235812,203286,0,0
مرکز تحقیقات,20,86553.528,1200000,105833,345907,309496,263982,227571,0,0
سفارت,1,47.25,3277,3277,380,340,290,250,0,0
سفارت,2,68.985,11411,8134,1746,1562,1332,1149,0,0
سفارت,3,100.718,23675,12264,4260,3812,3251,2803,0,0
سفارت,4,147.048,39736,16061,8023,7178,6123,5278,0,0
سفارت,5,214.691,59378,19642,13107,11728,10003,8623,0,0
سفارت,6,313.448,82442,23064,19576,17515,14939,12879,0,0
سفارت,7,457.635,108807,26365,27479,24586,20971,18078,0,0
سفارت,8,668.147,138370,29563,36862,32982,28132,24251,0,0
سفارت,9,975.494,171047,32677,47766,42738,36453,31425,0,0
سفارت,10,1424.221,206766,35719,60226,53886,45962,39622,0,0
سفارت,11,2079.363,245463,38697,74276,66457,56684,48866,0,0
سفارت,12,3035.87,287081,41618,89946,80478,68643,59175,0,0
سفارت,13,4432.371,331571,44490,107265,95974,81860,70569,0,0
سفارت,14,6471.261,378886,47315,126260,112969,96356,83066,0,0
سفارت,15,9448.042,428986,50100,146955,131486,112150,96681,0,0
سفارت,16,13794.141,481831,52845,169374,151545,129259,111430,0,0
سفارت,17,20139.445,537386,55555,193540,173168,147702,127329,0,0
سفارت,18,29403.59,595620,58234,219474,196371,167493,144391,0,0
سفارت,19,42929.242,656500,60880,247196,221175,188650,162629,0,0
سفارت,20,62676.693,720000,63500,276726,247597,211185,182056,0,0
مخفیگاه,1,36,2185,2185,323,289,247,213,0,0
مخفیگاه,2,52.56,7607,5422,1484,1328,1133,976,0,0
مخفیگاه,3,76.738,15784,8177,3621,3240,2764,2382,0,0
مخفیگاه,4,112.037,26491,10707,6819,6101,5204,4486,0,0
مخفیگاه,5,163.574,39585,13094,11141,9969,8503,7330,0,0
مخفیگاه,6,238.818,54962,15377,16639,14888,12698,10947,0,0
مخفیگاه,7,348.674,72538,17576,23357,20898,17825,15366,0,0
مخفیگاه,8,509.064,92246,19708,31333,28035,23912,20614,0,0
مخفیگاه,9,743.234,114031,21785,40601,36327,30985,26711,0,0
مخفیگاه,10,1085.121,137844,23813,51192,45803,39068,33679,0,0
مخفیگاه,11,1584.277,163642,25798,63134,56489,48182,41536,0,0
مخفیگاه,12,2313.044,191387,27745,76454,68406,58347,50299,0,0
مخفیگاه,13,3377.044,221047,29660,91175,81578,69581,59984,0,0
مخفیگاه,14,4930.485,252591,31544,107321,96024,81903,70606,0,0
مخفیگاه,15,7198.508,285990,33399,124912,111763,95327,82179,0,0
مخفیگاه,16,10509.821,321220,35230,143968,128814,109870,94716,0,0
مخفیگاه,17,15344.339,358258,37038,164509,147192,125546,108230,0,0
مخفیگاه,18,22402.735,397080,38822,186553,166916,142369,122732,0,0
مخفیگاه,19,32707.994,437667,40587,210117,187999,160352,138235,0,0
مخفیگاه,20,47753.671,480000,42333,235217,210457,179508,154748,0,0
مزرعه گندم,1,29.25,2185,2185,285,255,218,188,600,0
مزرعه گندم,2,42.705,7607,5422,1310,1172,999,862,1757,0
مزرعه گندم,3,62.349,15784,8177,3195,2859,2439,2102,3294,0
مزرعه گندم,4,91.03,26491,10707,6017,5384,4592,3959,5145,0
مزرعه گندم,5,132.904,39585,13094,9831,8796,7502,6467,7270,0
مزرعه گندم,6,194.04,54962,15377,14682,13136,11204,9659,9645,0
مزرعه گندم,7,283.298,72538,17576,20609,18440,15728,13559,12248,0
مزرعه گندم,8,413.615,92246,19708,27647,24736,21099,18189,15064,0
مزرعه گندم,9,603.877,114031,21785,35824,32053,27340,23569,18081,0
مزرعه گندم,10,881.661,137844,23813,45169,40415,34471,29717,21289,0
مزرعه گندم,11,1287.225,163642,25798,55707,49843,42513,36649,24678,0
مزرعه گندم,12,1879.348,191387,27745,67460,60359,51482,44381,28241,0
مزرعه گندم,13,2743.849,221047,29660,80449,71981,61395,52927,31972,0
مزرعه گندم,14,4006.019,252591,31544,94695,84727,72267,62299,35863,0
مزرعه گندم,15,5848.788,285990,33399,110216,98615,84112,72511,39911,0
مزرعه گندم,16,8539.23,321220,35230,127031,113659,96945,83573,44110,0
مزرعه گندم,17,12467.276,358258,37038,145155,129876,110776,95497,48456,0
مزرعه گندم,18,18202.222,397080,38822,164606,147279,125620,108293,52945,0
مزرعه گندم,19,26575.245,437667,40587,185397,165882,141487,121972,57573,0
مزرعه گندم,20,38799.857,480000,42333,207544,185698,158389,136542,62337,0
چوب‌بری,1,33.75,2185,2185,304,272,232,200,600,0
چوب‌بری,2,49.275,7607,5422,1397,1250,1066,919,1757,0
چوب‌بری,3,71.941,15784,8177,3408,3050,2601,2242,3294,0
چوب‌بری,4,105.035,26491,10707,6418,5742,4898,4222,5145,0
چوب‌بری,5,153.351,39585,13094,10486,9382,8002,6899,7270,0
چوب‌بری,6,223.892,54962,15377,15661,14012,11951,10303,9645,0
چوب‌بری,7,326.882,72538,17576,21983,19669,16777,14463,12248,0
چوب‌بری,8,477.248,92246,19708,29490,26386,22505,19401,15064,0
چوب‌بری,9,696.782,114031,21785,38213,34190,29162,25140,18081,0
چوب‌بری,10,1017.301,137844,23813,48181,43109,36770,31698,21289,0
چوب‌بری,11,1485.259,163642,25798,59421,53166,45347,39093,24678,0
چوب‌بری,12,2168.479,191387,27745,71957,64382,54914,47340,28241,0
چوب‌بری,13,3165.979,221047,29660,85812,76779,65488,56455,31972,0
چوب‌بری,14,4622.33,252591,31544,101008,90375,77085,66453,35863,0
چوب‌بری,15,6748.601,285990,33399,117564,105189,89720,77345,39911,0
چوب‌بری,16,9852.958,321220,35230,135499,121236,103407,89144,44110,0
چوب‌بری,17,14385.318,358258,37038,154832,138534,118161,101863,48456,0
چوب‌بری,18,21002.564,397080,38822,175579,157097,133995,115513,52945,0
چوب‌بری,19,30663.744,437667,40587,197757,176940,150920,130103,57573,0
چوب‌بری,20,44769.066,480000,42333,221381,198077,168948,145645,62337,0
معدن سنگ,1,38.25,2185,2185,342,306,261,225,600,0
معدن سنگ,2,55.845,7607,5422,1571,1406,1199,1034,1757,0
معدن سنگ,3,81.534,15784,8177,3834,3431,2926,2523,3294,0
معدن سنگ,4,119.039,26491,10707,7220,6460,5510,4750,5145,0
معدن سنگ,5,173.797,39585,13094,11797,10555,9003,7761,7270,0
معدن سنگ,6,253.744,54962,15377,17618,15764,13445,11591,9645,0
معدن سنگ,7,370.466,72538,17576,24731,22128,18874,16270,12248,0
معدن سنگ,8,540.881,92246,19708,33176,29684,25319,21826,15064,0
معدن سنگ,9,789.686,114031,21785,42989,38464,32808,28282,18081,0
معدن سنگ,10,1152.941,137844,23813,54203,48498,41366,35660,21289,0
معدن سنگ,11,1683.294,163642,25798,66848,59812,51016,43979,24678,0
معدن سنگ,12,2457.609,191387,27745,80951,72430,61779,53258,28241,0
معدن سنگ,13,3588.11,221047,29660,96539,86377,73674,63512,31972,0
معدن سنگ,14,5238.64,252591,31544,113634,101672,86721,74759,35863,0
معدن سنگ,15,7648.415,285990,33399,132259,118337,100935,87013,39911,0
معدن سنگ,16,11166.685,321220,35230,152437,136391,116333,100287,44110,0
معدن سنگ,17,16303.361,358258,37038,174186,155851,132932,114596,48456,0
معدن سنگ,18,23802.906,397080,38822,197527,176734,150744,129952,52945,0
معدن سنگ,19,34752.243,437667,40587,222476,199058,169785,146366,57573,0
معدن سنگ,20,50738.275,480000,42333,249053,222837,190067,163851,62337,0
معدن آهن,1,42.75,2731,2731,380,340,290,250,600,0
معدن آهن,2,62.415,9509,6778,1746,1562,1332,1149,1757,0
معدن آهن,3,91.126,19729,10220,4260,3812,3251,2803,3294,0
معدن آهن,4,133.044,33114,13385,8023,7178,6123,5278,5145,0
معدن آهن,5,194.244,49482,16368,13107,11728,10003,8623,7270,0
معدن آهن,6,283.596,68702,19220,19576,17515,14939,12879,9645,0
معدن آهن,7,414.05,90672,21970,27479,24586,20971,18078,12248,0
معدن آهن,8,604.514,115308,24636,36862,32982,28132,24251,15064,0
معدن آهن,9,882.59,142539,27231,47766,42738,36453,31425,18081,0
معدن آهن,10,1288.581,172305,29766,60226,53886,45962,39622,21289,0
معدن آهن,11,1881.329,204552,32247,74276,66457,56684,48866,24678,0
معدن آهن,12,2746.74,239234,34682,89946,80478,68643,59175,28241,0
معدن آهن,13,4010.24,276309,37075,107265,95974,81860,70569,31972,0
معدن آهن,14,5854.951,315739,39430,126260,112969,96356,83066,35863,0
معدن آهن,15,8548.228,357488,41749,146955,131486,112150,96681,39911,0
معدن آهن,16,12480.413,401526,44038,169374,151545,129259,111430,44110,0
معدن آهن,17,18221.403,447822,46296,193540,173168,147702,127329,48456,0
معدن آهن,18,26603.248,496350,48528,219474,196371,167493,144391,52945,0
معدن آهن,19,38840.742,547084,50734,247196,221175,188650,162629,57573,0
معدن آهن,20,56707.484,600000,52916,276726,247597,211185,182056,62337,0
دیوار,1,65.25,6554,6554,646,578,493,425,0,0
دیوار,2,95.265,22822,16268,2968,2656,2265,1953,0,0
دیوار,3,139.087,47351,24529,7243,6480,5527,4765,0,0
دیوار,4,203.067,79472,32121,13638,12203,10408,8973,0,0
دیوار,5,296.478,118756,39284,22283,19937,17005,14660,0,0
دیوار,6,432.857,164885,46129,33279,29776,25397,21894,0,0
دیوار,7,631.972,217613,52728,46714,41797,35650,30733,0,0
دیوار,8,922.679,276739,59126,62666,56069,47824,41227,0,0
دیوار,9,1347.111,342094,65355,81202,72654,61970,53422,0,0
دیوار,10,1966.782,413531,71437,102384,91607,78135,67358,0,0
دیوار,11,2871.502,490925,77394,126269,112977,96363,83072,0,0
دیوار,12,4192.392,574162,83237,152908,136813,116693,100598,0,0
دیوار,13,6120.893,663142,88980,182351,163156,139163,119968,0,0
دیوار,14,8936.504,757773,94631,214642,192048,163806,141212,0,0
دیوار,15,13047.295,857971,100198,249823,223526,190655,164358,0,0
دیوار,16,19049.051,963661,105690,287936,257627,219741,189432,0,0
دیوار,17,27811.615,1074773,111112,329018,294385,251093,216459,0,0
دیوار,18,40604.958,1191239,116466,373106,333832,284739,245464,0,0
دیوار,19,59283.239,1313001,121762,420233,375998,320704,276469,0,0
دیوار,20,86553.528,1440000,126999,470434,420914,359015,309496,0,0
